movie_id_ml,movie_id,title,release,url
1,862,toy story,1995,http://us.imdb.com/M/title-exact?Toy%20Story%20(1995)
2,710,goldeneye,1995,http://us.imdb.com/M/title-exact?GoldenEye%20(1995)
3,5,four rooms,1995,http://us.imdb.com/M/title-exact?Four%20Rooms%20(1995)
4,8012,get shorty,1995,http://us.imdb.com/M/title-exact?Get%20Shorty%20(1995)
5,1710,copycat,1995,http://us.imdb.com/M/title-exact?Copycat%20(1995)
8,9598,babe,1995,http://us.imdb.com/M/title-exact?Babe%20(1995)
9,687,dead man walking,1995,http://us.imdb.com/M/title-exact?Dead%20Man%20Walking%20(1995)
17,755,from dusk till dawn,1996,http://us.imdb.com/M/title-exact?From%20Dusk%20Till%20Dawn%20(1996)
26,16388,the brothers mcmullen,1995,"http://us.imdb.com/M/title-exact?Brothers%20McMullen,%20The%20(1995)"
27,9737,bad boys,1995,http://us.imdb.com/M/title-exact?Bad%20Boys%20(1995)
28,568,apollo 13,1995,http://us.imdb.com/M/title-exact?Apollo%2013%20(1995)
29,414,batman forever,1995,http://us.imdb.com/M/title-exact?Batman%20Forever%20(1995)
31,8963,crimson tide,1995,http://us.imdb.com/M/title-exact?Crimson%20Tide%20(1995)
33,8068,desperado,1995,http://us.imdb.com/M/title-exact?Desperado%20(1995)
38,1642,the net,1995,"http://us.imdb.com/M/title-exact?Net,%20The%20(1995)"
42,2292,clerks,1994,http://us.imdb.com/M/title-exact?Clerks%20(1994)
43,8984,disclosure,1994,http://us.imdb.com/M/title-exact?Disclosure%20(1994)
46,20156,exotica,1994,http://us.imdb.com/M/title-exact?Exotica%20(1994)
47,522,ed wood,1994,http://us.imdb.com/M/title-exact?Ed%20Wood%20(1994)
48,14275,hoop dreams,1994,http://us.imdb.com/M/title-exact?Hoop%20Dreams%20(1994)
51,4476,legends of the fall,1994,http://us.imdb.com/M/title-exact?Legends%20of%20the%20Fall%20(1994)
54,6950,outbreak,1995,http://us.imdb.com/M/title-exact?Outbreak%20(1995)
56,680,pulp fiction,1994,http://us.imdb.com/M/title-exact?Pulp%20Fiction%20(1994)
63,11395,the santa clause,1994,"http://us.imdb.com/M/title-exact?Santa%20Clause,%20The%20(1994)"
64,278,the shawshank redemption,1994,"http://us.imdb.com/M/title-exact?Shawshank%20Redemption,%20The%20(1994)"
65,1587,what's eating gilbert grape,1993,http://us.imdb.com/M/title-exact?What's%20Eating%20Gilbert%20Grape%20(1993)
67,3049,ace ventura: pet detective,1994,http://us.imdb.com/M/title-exact?Ace%20Ventura:%20Pet%20Detective%20(1994)
68,9495,the crow,1994,"http://us.imdb.com/M/title-exact?Crow,%20The%20(1994)"
69,13,forrest gump,1994,http://us.imdb.com/M/title-exact?Forrest%20Gump%20(1994)
70,712,four weddings and a funeral,1994,http://us.imdb.com/M/title-exact?Four%20Weddings%20and%20a%20Funeral%20(1994)
71,8587,the lion king,1994,"http://us.imdb.com/M/title-exact?Lion%20King,%20The%20(1994)"
72,854,the mask,1994,"http://us.imdb.com/M/title-exact?Mask,%20The%20(1994)"
77,37233,the firm,1993,"http://us.imdb.com/M/title-exact?Firm,%20The%20(1993)"
79,5503,the fugitive,1993,"http://us.imdb.com/M/title-exact?Fugitive,%20The%20(1993)"
81,11934,the hudsucker proxy,1994,"http://us.imdb.com/M/title-exact?Hudsucker%20Proxy,%20The%20(1994)"
82,329,jurassic park,1993,http://us.imdb.com/M/title-exact?Jurassic%20Park%20(1993)
83,11971,much ado about nothing,1993,http://us.imdb.com/M/title-exact?Much%20Ado%20About%20Nothing%20(1993)
86,1245,the remains of the day,1993,"http://us.imdb.com/M/title-exact?Remains%20of%20the%20Day,%20The%20(1993)"
89,78,blade runner,1982,http://us.imdb.com/M/title-exact?Blade%20Runner%20(1982)
92,319,true romance,1993,http://us.imdb.com/M/title-exact?True%20Romance%20(1993)
94,771,home alone,1990,http://us.imdb.com/M/title-exact?Home%20Alone%20(1990)
96,280,terminator 2: judgment day,1991,http://us.imdb.com/M/title-exact?Terminator%202:%20Judgment%20Day%20(1991)
97,581,dances with wolves,1990,http://us.imdb.com/M/title-exact?Dances%20with%20Wolves%20(1990)
99,408,snow white and the seven dwarfs,1937,http://us.imdb.com/M/title-exact?Snow%20White%20and%20the%20Seven%20Dwarfs%20(1937)
101,11827,heavy metal,1981,http://us.imdb.com/M/title-exact?Heavy%20Metal%20(1981)
105,9099,sgt. bilko,1996,http://us.imdb.com/M/title-exact?Sgt.%20Bilko%20(1996)
112,36355,flipper,1996,http://us.imdb.com/M/title-exact?Flipper%20(1996)
117,9802,the rock,1996,"http://us.imdb.com/M/title-exact?Rock,%20The%20(1996)"
118,664,twister,1996,http://us.imdb.com/M/title-exact?Twister%20(1996)
120,9879,striptease,1996,http://us.imdb.com/M/title-exact?Striptease%20(1996)
122,9894,the cable guy,1996,"http://us.imdb.com/M/title-exact?Cable%20Guy,%20The%20(1996)"
124,26748,lone star,1996,http://us.imdb.com/M/title-exact?Lone%20Star%20(1996)
125,9294,phenomenon,1996,http://us.imdb.com/M/title-exact?Phenomenon%20(1996)
129,9303,bound,1996,http://us.imdb.com/M/title-exact?Bound%20(1996)
130,22479,kansas city,1996,http://us.imdb.com/M/title-exact?Kansas%20City%20(1996)
133,770,gone with the wind,1939,http://us.imdb.com/M/title-exact?Gone%20with%20the%20Wind%20(1939)
135,62,2001: a space odyssey,1968,http://us.imdb.com/M/title-exact?2001:%20A%20Space%20Odyssey%20(1968)
141,173,"20,000 leagues under the sea",1954,"http://us.imdb.com/M/title-exact?20,000%20Leagues%20Under%20the%20Sea%20(1954)"
143,15121,the sound of music,1965,"http://us.imdb.com/M/title-exact?Sound%20of%20Music,%20The%20(1965)"
144,562,die hard,1988,http://us.imdb.com/M/title-exact?Die%20Hard%20(1988)
145,10163,the lawnmower man,1992,"http://us.imdb.com/M/title-exact?Lawnmower%20Man,%20The%20(1992)"
147,11412,the long kiss goodnight,1996,"http://us.imdb.com/M/title-exact?Long%20Kiss%20Goodnight,%20The%20(1996)"
148,10586,the ghost and the darkness,1996,"http://us.imdb.com/M/title-exact?Ghost%20and%20the%20Darkness,%20The%20(1996)"
150,10218,swingers,1996,http://us.imdb.com/M/title-exact?Swingers%20(1996)
152,11561,sleeper,1973,http://us.imdb.com/M/title-exact?Sleeper%20(1973)
156,500,reservoir dogs,1992,http://us.imdb.com/M/title-exact?Reservoir%20Dogs%20(1992)
157,792,platoon,1986,http://us.imdb.com/M/title-exact?Platoon%20(1986)
160,9504,glengarry glen ross,1992,http://us.imdb.com/M/title-exact?Glengarry%20Glen%20Ross%20(1992)
161,744,top gun,1986,http://us.imdb.com/M/title-exact?Top%20Gun%20(1986)
164,2756,the abyss,1989,"http://us.imdb.com/M/title-exact?Abyss,%20The%20(1989)"
167,10765,private benjamin,1980,http://us.imdb.com/M/title-exact?Private%20Benjamin%20(1980)
172,1891,the empire strikes back,1980,"http://us.imdb.com/M/title-exact?Empire%20Strikes%20Back,%20The%20(1980)"
173,2493,the princess bride,1987,"http://us.imdb.com/M/title-exact?Princess%20Bride,%20The%20(1987)"
174,85,raiders of the lost ark,1981,http://us.imdb.com/M/title-exact?Raiders%20of%20the%20Lost%20Ark%20(1981)
175,68,brazil,1985,http://us.imdb.com/M/title-exact?Brazil%20(1985)
178,389,12 angry men,1957,http://us.imdb.com/M/title-exact?12%20Angry%20Men%20(1957)
180,28,apocalypse now,1979,http://us.imdb.com/M/title-exact?Apocalypse%20Now%20(1979)
182,769,goodfellas,1990,http://us.imdb.com/M/title-exact?GoodFellas%20(1990)
183,348,alien,1979,http://us.imdb.com/M/title-exact?Alien%20(1979)
185,539,psycho,1960,http://us.imdb.com/M/title-exact?Psycho%20(1960)
187,240,the godfather: part ii,1974,"http://us.imdb.com/M/title-exact?Godfather:%20Part%20II,%20The%20(1974)"
190,10705,henry v,1989,http://us.imdb.com/M/title-exact?Henry%20V%20(1989)
191,279,amadeus,1984,http://us.imdb.com/M/title-exact?Amadeus%20(1984)
192,1578,raging bull,1980,http://us.imdb.com/M/title-exact?Raging%20Bull%20(1980)
193,9549,the right stuff,1983,"http://us.imdb.com/M/title-exact?Right%20Stuff,%20The%20(1983)"
194,9277,the sting,1973,"http://us.imdb.com/M/title-exact?Sting,%20The%20(1973)"
195,218,the terminator,1984,"http://us.imdb.com/M/title-exact?Terminator,%20The%20(1984)"
196,207,dead poets society,1989,http://us.imdb.com/M/title-exact?Dead%20Poets%20Society%20(1989)
199,826,the bridge on the river kwai,1957,"http://us.imdb.com/M/title-exact?Bridge%20on%20the%20River%20Kwai,%20The%20(1957)"
200,694,the shining,1980,"http://us.imdb.com/M/title-exact?Shining,%20The%20(1980)"
201,765,evil dead ii,1987,http://us.imdb.com/M/title-exact?Evil%20Dead%20II%20(1987)
202,137,groundhog day,1993,http://us.imdb.com/M/title-exact?Groundhog%20Day%20(1993)
203,33,unforgiven,1992,http://us.imdb.com/M/title-exact?Unforgiven%20(1992)
204,105,back to the future,1985,http://us.imdb.com/M/title-exact?Back%20to%20the%20Future%20(1985)
205,11202,patton,1970,http://us.imdb.com/M/title-exact?Patton%20(1970)
206,149,akira,1988,http://us.imdb.com/M/title-exact?Akira%20(1988)
208,3034,young frankenstein,1974,http://us.imdb.com/M/title-exact?Young%20Frankenstein%20(1974)
210,89,indiana jones and the last crusade,1989,http://us.imdb.com/M/title-exact?Indiana%20Jones%20and%20the%20Last%20Crusade%20(1989)
216,639,when harry met sally...,1989,http://us.imdb.com/M/title-exact?When%20Harry%20Met%20Sally...%20(1989)
218,1598,cape fear,1991,http://us.imdb.com/M/title-exact?Cape%20Fear%20(1991)
219,377,a nightmare on elm street,1984,"http://us.imdb.com/M/title-exact?Nightmare%20on%20Elm%20Street,%20A%20(1984)"
220,25189,the mirror has two faces,1996,"http://us.imdb.com/M/title-exact?Mirror%20Has%20Two%20Faces,%20The%20(1996)"
222,199,star trek: first contact,1996,http://us.imdb.com/M/title-exact?Star%20Trek:%20First%20Contact%20(1996)
223,12498,sling blade,1996,http://us.imdb.com/M/title-exact?Sling%20Blade%20(1996)
226,1573,die hard 2,1990,http://us.imdb.com/M/title-exact?Die%20Hard%202%20(1990)
227,174,star trek vi: the undiscovered country,1991,http://us.imdb.com/M/title-exact?Star%20Trek%20VI:%20The%20Undiscovered%20Country%20(1991)
230,168,star trek iv: the voyage home,1986,http://us.imdb.com/M/title-exact?Star%20Trek%20IV:%20The%20Voyage%20Home%20(1986)
231,364,batman returns,1992,http://us.imdb.com/M/title-exact?Batman%20Returns%20(1992)
232,11967,young guns,1988,http://us.imdb.com/M/title-exact?Young%20Guns%20(1988)
234,578,jaws,1975,http://us.imdb.com/M/title-exact?Jaws%20(1975)
235,75,mars attacks!,1996,http://us.imdb.com/M/title-exact?Mars%20Attacks!%20(1996)
237,9390,jerry maguire,1996,http://us.imdb.com/M/title-exact?Jerry%20Maguire%20(1996)
240,3179,beavis and butt-head do america,1996,http://us.imdb.com/M/title-exact?Beavis%20and%20Butt-head%20Do%20America%20(1996)
241,9361,the last of the mohicans,1992,"http://us.imdb.com/M/title-exact?Last%20of%20the%20Mohicans,%20The%20(1992)"
244,9311,smilla's sense of snow,1997,http://us.imdb.com/M/title-exact?Smilla%27s%20Sense%20of%20Snow%20(1997)
245,4477,the devil's own,1997,http://us.imdb.com/M/title-exact?Devil%27s%20Own%2C%20The%20(1997)
246,2255,chasing amy,1997,http://us.imdb.com/M/title-exact?Chasing+Amy+(1997)
248,9434,grosse pointe blank,1997,http://us.imdb.com/M/title-exact?Grosse%20Pointe%20Blank%20%281997%29
249,816,austin powers: international man of mystery,1997,http://us.imdb.com/M/title-exact?Austin%20Powers%3A%20International%20Man%20of%20Mystery%20%281997%29
250,18,the fifth element,1997,http://us.imdb.com/M/title-exact?Fifth%20Element%2C%20The%20%281997%29
252,330,the lost world: jurassic park,1997,http://us.imdb.com/M/title-exact?Lost%20World%3A%20Jurassic%20Park%2C%20The%20%281997%29
254,415,batman & robin,1997,http://us.imdb.com/M/title-exact?Batman+%26+Robin+(1997)
255,8874,my best friend's wedding,1997,http://us.imdb.com/M/title-exact?My+Best+Friend%27s+Wedding+(1997)
257,607,men in black,1997,http://us.imdb.com/M/title-exact?Men+in+Black+(1997)
258,686,contact,1997,http://us.imdb.com/Title?Contact+(1997/I)
259,10603,george of the jungle,1997,http://us.imdb.com/M/title-exact?George+of+the+Jungle+(1997)
260,8413,event horizon,1997,http://us.imdb.com/M/title-exact?Event+Horizon+(1997)
261,20737,air bud,1997,http://us.imdb.com/M/title-exact?Air+Bud+(1997)
262,14585,in the company of men,1997,http://us.imdb.com/M/title-exact?In+the+Company+of+Men+(1997)
263,8854,steel,1997,http://us.imdb.com/M/title-exact?Steel+(1997)
265,1669,the hunt for red october,1990,http://us.imdb.com/M/title-exact?Hunt+for+Red+October%2C+The+(1990)
268,2255,chasing amy,1997,http://us.imdb.com/M/title-exact?Chasing+Amy+(1997)
269,9427,the full monty,1997,http://us.imdb.com/M/title-exact?Full+Monty%2C+The+(1997)
271,563,starship troopers,1997,http://us.imdb.com/M/title-exact?Starship+Troopers+(1997)
275,4584,sense and sensibility,1995,http://us.imdb.com/M/title-exact?Sense%20and%20Sensibility%20(1995)
276,451,leaving las vegas,1995,http://us.imdb.com/M/title-exact?Leaving%20Las%20Vegas%20(1995)
281,8987,the river wild,1994,"http://us.imdb.com/M/title-exact?River%20Wild,%20The%20(1994)"
282,1645,a time to kill,1996,"http://us.imdb.com/M/title-exact?Time%20to%20Kill,%20A%20(1996)"
284,10478,tin cup,1996,http://us.imdb.com/M/title-exact?Tin%20Cup%20(1996)
286,409,the english patient,1996,"http://us.imdb.com/M/title-exact?English%20Patient,%20The%20(1996)"
287,9819,marvin's room,1996,http://us.imdb.com/M/title-exact?Marvin's%20Room%20(1996)
288,4232,scream,1996,http://us.imdb.com/M/title-exact?Scream%20(1996)
289,8818,evita,1996,http://us.imdb.com/M/title-exact?Evita%20(1996)
291,66,absolute power,1997,http://us.imdb.com/M/title-exact?Absolute%20Power%20(1997)
293,9366,donnie brasco,1997,http://us.imdb.com/M/title-exact?Donnie%20Brasco%20(1997)
294,1624,liar liar,1997,http://us.imdb.com/Title?Liar+Liar+(1997)
297,55306,ulee's gold,1997,http://us.imdb.com/M/title-exact?Ulee%27s+Gold+(1997)
298,754,face/off,1997,http://us.imdb.com/M/title-exact?Face/Off+(1997)
300,9772,air force one,1997,http://us.imdb.com/M/title-exact?Air+Force+One+(1997)
301,10806,in & out,1997,http://us.imdb.com/Title?In+%26+Out+(1997)
303,55306,ulee's gold,1997,http://us.imdb.com/M/title-exact?Ulee%27s+Gold+(1997)
305,68924,the ice storm,1997,http://us.imdb.com/M/title-exact?Ice+Storm%2C+The+(1997)
307,1813,the devil's advocate,1997,"http://us.imdb.com/M/title-exact?Devil's+Advocate,+The+(1997)"
310,11975,the rainmaker,1997,"http://us.imdb.com/M/title-exact?Rainmaker,+The+(1997)"
312,8197,midnight in the garden of good and evil,1997,http://us.imdb.com/M/title-exact?Midnight+in+the+Garden+of+Good+and+Evil+(1997)
313,597,titanic,1997,http://us.imdb.com/M/title-exact?imdb-title-120338
316,2898,as good as it gets,1997,http://us.imdb.com/Title?As+Good+As+It+Gets+(1997)
318,424,schindler's list,1993,http://us.imdb.com/M/title-exact?Schindler's%20List%20(1993)
319,9716,everyone says i love you,1996,http://us.imdb.com/M/title-exact?Everyone%20Says%20I%20Love%20You%20(1996)
323,9619,dante's peak,1997,http://us.imdb.com/M/title-exact?Dante's%20Peak%20(1997)
326,4421,g.i. jane,1997,http://us.imdb.com/M/title-exact?G%2EI%2E+Jane+(1997)
328,8834,conspiracy theory,1997,http://us.imdb.com/M/title-exact?Conspiracy+Theory+(1997)
331,9433,the edge,1997,http://us.imdb.com/M/title-exact?Edge%2C+The+(1997/I)
332,9437,kiss the girls,1997,http://us.imdb.com/M/title-exact?Kiss+the+Girls+(1997)
333,2649,the game,1997,http://us.imdb.com/M/title-exact?Game%2C+The+(1997)
339,9770,mad city,1997,http://us.imdb.com/M/title-exact?Mad+City+(1997)
341,61337,critical care,1997,http://us.imdb.com/M/title-exact?Critical+Care+(1997)
342,9414,the man who knew too little,1997,http://us.imdb.com/M/title-exact?Man+Who+Knew+Too+Little%2C+The+(1997)
343,8078,alien: resurrection,1997,http://us.imdb.com/M/title-exact?Alien%3A+Resurrection+(1997)
344,2895,the apostle,1997,http://us.imdb.com/M/title-exact?imdb-title-118632
345,2639,deconstructing harry,1997,http://us.imdb.com/M/title-exact?imdb-title-118954
346,184,jackie brown,1997,http://us.imdb.com/M/title-exact?imdb-title-119396
349,11258,hard rain,1998,http://us.imdb.com/M/title-exact?imdb-title-120696
352,6116,spice world,1997,http://us.imdb.com/M/title-exact?imdb-title-120185
353,9457,deep rising,1998,http://us.imdb.com/M/title-exact?imdb-title-118956
355,10153,sphere,1998,http://us.imdb.com/M/title-exact?Sphere+(1998)
357,510,one flew over the cuckoo's nest,1975,http://us.imdb.com/M/title-exact?One%20Flew%20Over%20the%20Cuckoo's%20Nest%20(1975)
358,10336,spawn,1997,http://us.imdb.com/M/title-exact?Spawn+(1997/I)
364,9273,ace ventura: when nature calls,1995,http://us.imdb.com/M/title-exact?Ace%20Ventura:%20When%20Nature%20Calls%20(1995)
367,9603,clueless,1995,http://us.imdb.com/M/title-exact?Clueless%20(1995)
370,9095,mary reilly,1996,http://us.imdb.com/M/title-exact?Mary%20Reilly%20(1996)
375,10802,showgirls,1995,http://us.imdb.com/M/title-exact?Showgirls%20(1995)
380,193,star trek: generations,1994,http://us.imdb.com/M/title-exact?Star%20Trek:%20Generations%20(1994)
383,888,the flintstones,1994,"http://us.imdb.com/M/title-exact?Flintstones,%20The%20(1994)"
385,36955,true lies,1994,http://us.imdb.com/M/title-exact?True%20Lies%20(1994)
387,10436,the age of innocence,1993,"http://us.imdb.com/M/title-exact?Age%20of%20Innocence,%20The%20(1993)"
388,306,beverly hills cop iii,1994,http://us.imdb.com/M/title-exact?Beverly%20Hills%20Cop%20III%20(1994)
391,9593,last action hero,1993,http://us.imdb.com/M/title-exact?Last%20Action%20Hero%20(1993)
393,788,mrs. doubtfire,1993,http://us.imdb.com/M/title-exact?Mrs.%20Doubtfire%20(1993)
396,11592,serial mom,1994,http://us.imdb.com/M/title-exact?Serial%20Mom%20(1994)
398,9607,super mario bros.,1993,http://us.imdb.com/M/title-exact?Super%20Mario%20Bros.%20(1993)
402,251,ghost,1990,http://us.imdb.com/M/title-exact?Ghost%20(1990)
403,268,batman,1989,http://us.imdb.com/M/title-exact?Batman%20(1989)
404,10895,pinocchio,1940,http://us.imdb.com/M/title-exact?Pinocchio%20(1940)
405,954,mission: impossible,1996,http://us.imdb.com/M/title-exact?Mission:%20Impossible%20(1996)
406,10280,thinner,1996,http://us.imdb.com/M/title-exact?Thinner%20(1996)
410,11543,kingpin,1996,http://us.imdb.com/M/title-exact?Kingpin%20(1996)
411,9327,the nutty professor,1996,"http://us.imdb.com/M/title-exact?Nutty%20Professor,%20The%20(1996)"
419,433,mary poppins,1964,http://us.imdb.com/M/title-exact?Mary%20Poppins%20(1964)
423,601,e.t. the extra-terrestrial,1982,http://us.imdb.com/M/title-exact?E%2ET%2E%20the%20Extra-Terrestrial%20%281982%29
427,595,to kill a mockingbird,1962,http://us.imdb.com/M/title-exact?To%20Kill%20a%20Mockingbird%20(1962)
431,8009,highlander,1986,http://us.imdb.com/M/title-exact?Highlander%20(1986)
432,756,fantasia,1940,http://us.imdb.com/M/title-exact?Fantasia%20(1940)
435,642,butch cassidy and the sundance kid,1969,http://us.imdb.com/M/title-exact?Butch%20Cassidy%20and%20the%20Sundance%20Kid%20(1969)
448,794,the omen,1976,"http://us.imdb.com/M/title-exact?Omen,%20The%20(1976)"
449,152,star trek: the motion picture,1979,http://us.imdb.com/M/title-exact?Star%20Trek:%20The%20Motion%20Picture%20(1979)
450,172,star trek v: the final frontier,1989,http://us.imdb.com/M/title-exact?Star%20Trek%20V:%20The%20Final%20Frontier%20(1989)
451,621,grease,1978,http://us.imdb.com/M/title-exact?Grease%20(1978)
452,579,jaws 2,1978,http://us.imdb.com/M/title-exact?Jaws%202%20(1978)
470,11969,tombstone,1993,http://us.imdb.com/M/title-exact?Tombstone%20(1993)
471,10684,courage under fire,1996,http://us.imdb.com/M/title-exact?Courage%20Under%20Fire%20(1996)
472,8840,dragonheart,1996,http://us.imdb.com/M/title-exact?Dragonheart%20(1996)
475,627,trainspotting,1996,http://us.imdb.com/Title?Trainspotting+(1996)
476,2925,the first wives club,1996,"http://us.imdb.com/M/title-exact?First%20Wives%20Club,%20The%20(1996)"
481,284,the apartment,1960,"http://us.imdb.com/M/title-exact?Apartment,%20The%20(1960)"
482,239,some like it hot,1959,http://us.imdb.com/M/title-exact?Some%20Like%20It%20Hot%20(1959)
483,289,casablanca,1942,http://us.imdb.com/M/title-exact?Casablanca%20(1942)
485,11113,my fair lady,1964,http://us.imdb.com/M/title-exact?My%20Fair%20Lady%20(1964)
496,1585,it's a wonderful life,1946,http://us.imdb.com/M/title-exact?It's%20a%20Wonderful%20Life%20(1946)
499,261,cat on a hot tin roof,1958,http://us.imdb.com/M/title-exact?Cat%20on%20a%20Hot%20Tin%20Roof%20(1958)
502,11302,bananas,1971,http://us.imdb.com/M/title-exact?Bananas%20(1971)
507,702,a streetcar named desire,1951,"http://us.imdb.com/M/title-exact?Streetcar%20Named%20Desire,%20A%20(1951)"
511,947,lawrence of arabia,1962,http://us.imdb.com/M/title-exact?Lawrence%20of%20Arabia%20(1962)
514,703,annie hall,1977,http://us.imdb.com/M/title-exact?Annie%20Hall%20(1977)
527,783,gandhi,1982,http://us.imdb.com/M/title-exact?Gandhi%20(1982)
531,7863,shine,1996,http://us.imdb.com/M/title-exact?Shine%20(1996)
537,468,my own private idaho,1991,http://us.imdb.com/M/title-exact?My+Own+Private+Idaho+(1991)
538,9444,anastasia,1997,http://us.imdb.com/M/title-exact?Anastasia+(1997)
540,11517,money train,1995,http://us.imdb.com/M/title-exact?Money%20Train%20(1995)
541,9312,mortal kombat,1995,http://us.imdb.com/M/title-exact?Mortal%20Kombat%20(1995)
542,10530,pocahontas,1995,http://us.imdb.com/M/title-exact?Pocahontas%20(1995)
545,12158,vampire in brooklyn,1995,http://us.imdb.com/M/title-exact?Vampire%20in%20Brooklyn%20(1995)
546,9208,broken arrow,1996,http://us.imdb.com/M/title-exact?Broken%20Arrow%20(1996)
549,11780,rob roy,1995,http://us.imdb.com/M/title-exact?Rob%20Roy%20(1995)
550,1572,die hard: with a vengeance,1995,http://us.imdb.com/M/title-exact?Die%20Hard:%20With%20a%20Vengeance%20(1995)
552,9348,species,1995,http://us.imdb.com/M/title-exact?Species%20(1995)
554,9804,waterworld,1995,http://us.imdb.com/M/title-exact?Waterworld%20(1995)
558,1024,heavenly creatures,1994,http://us.imdb.com/M/title-exact?Heavenly%20Creatures%20(1994)
559,628,interview with the vampire,1994,http://us.imdb.com/M/title-exact?Interview%20with%20the%20Vampire%20(1994)
564,25066,tales from the hood,1995,http://us.imdb.com/M/title-exact?Tales%20from%20the%20Hood%20(1995)
566,9331,clear and present danger,1994,http://us.imdb.com/M/title-exact?Clear%20and%20Present%20Danger%20(1994)
568,1637,speed,1994,http://us.imdb.com/M/title-exact?Speed%20(1994/I)
569,10395,wolf,1994,http://us.imdb.com/M/title-exact?Wolf%20(1994)
570,12160,wyatt earp,1994,http://us.imdb.com/M/title-exact?Wyatt%20Earp%20(1994)
576,9350,cliffhanger,1993,http://us.imdb.com/M/title-exact?Cliffhanger%20(1993)
582,713,the piano,1993,"http://us.imdb.com/M/title-exact?Piano,%20The%20(1993)"
583,2088,romeo is bleeding,1993,http://us.imdb.com/M/title-exact?Romeo%20Is%20Bleeding%20(1993)
589,576,the wild bunch,1969,"http://us.imdb.com/M/title-exact?Wild%20Bunch,%20The%20(1969)"
595,9566,the fan,1996,"http://us.imdb.com/M/title-exact?Fan,%20The%20(1996)"
596,10545,the hunchback of notre dame,1996,"http://us.imdb.com/M/title-exact?Hunchback%20of%20Notre%20Dame,%20The%20(1996)"
597,9268,eraser,1996,http://us.imdb.com/M/title-exact?Eraser%20(1996)
604,3078,it happened one night,1934,http://us.imdb.com/M/title-exact?It%20Happened%20One%20Night%20(1934)
607,223,rebecca,1940,http://us.imdb.com/M/title-exact?Rebecca%20(1940)
608,4174,spellbound,1945,http://us.imdb.com/M/title-exact?Spellbound%20(1945)
616,10331,night of the living dead,1968,http://us.imdb.com/M/title-exact?Night%20of%20the%20Living%20Dead%20(1968)
619,11306,extreme measures,1996,http://us.imdb.com/M/title-exact?Extreme%20Measures%20(1996)
627,8367,robin hood: prince of thieves,1991,http://us.imdb.com/Title?Robin+Hood%3A+Prince+of+Thieves+(1991)
628,819,sleepers,1996,http://us.imdb.com/M/title-exact?Sleepers%20(1996)
631,11386,the crying game,1992,"http://us.imdb.com/M/title-exact?Crying%20Game,%20The%20(1992)"
635,790,the fog,1980,"http://us.imdb.com/M/title-exact?Fog,%20The%20(1980)"
636,1103,escape from new york,1981,http://us.imdb.com/M/title-exact?Escape%20from%20New%20York%20(1981)
637,11298,the howling,1981,"http://us.imdb.com/M/title-exact?Howling,%20The%20(1981)"
649,311,once upon a time in america,1984,http://us.imdb.com/M/title-exact?Once%20Upon%20a%20Time%20in%20America%20(1984)
651,9665,glory,1989,http://us.imdb.com/M/title-exact?Glory%20(1989)
655,235,stand by me,1986,http://us.imdb.com/M/title-exact?Stand%20by%20Me%20(1986)
661,288,high noon,1952,http://us.imdb.com/M/title-exact?High%20Noon%20(1952)
662,16633,somewhere in time,1980,http://us.imdb.com/M/title-exact?Somewhere%20in%20Time%20(1980)
674,6217,cat people,1982,http://us.imdb.com/M/title-exact?Cat%20People%20(1982)
678,10357,volcano,1997,http://us.imdb.com/M/title-exact?Volcano%20%281997%29
682,3597,i know what you did last summer,1997,http://us.imdb.com/M/title-exact?I+Know+What+You+Did+Last+Summer+(1997)
685,2320,executive decision,1996,http://us.imdb.com/M/title-exact?Executive%20Decision%20(1996)
689,4824,the jackal,1997,http://us.imdb.com/M/title-exact?Jackal%2C+The+(1997)
690,978,seven years in tibet,1997,http://us.imdb.com/M/title-exact?Seven+Years+in+Tibet+(1997)
691,2666,dark city,1998,http://us.imdb.com/M/title-exact?imdb-title-118929
692,9087,the american president,1995,"http://us.imdb.com/M/title-exact?American%20President,%20The%20(1995)"
693,524,casino,1995,http://us.imdb.com/M/title-exact?Casino%20(1995)
696,11062,city hall,1996,http://us.imdb.com/M/title-exact?City%20Hall%20(1996)
708,1412,"sex, lies, and videotape",1989,"http://us.imdb.com/M/title-exact?sex,%20lies,%20and%20videotape%20(1989)"
715,577,to die for,1995,http://us.imdb.com/M/title-exact?To%20Die%20For%20(1995)
716,9089,home for the holidays,1995,http://us.imdb.com/M/title-exact?Home%20for%20the%20Holidays%20(1995)
717,9623,the juror,1996,"http://us.imdb.com/M/title-exact?Juror,%20The%20(1996)"
720,6520,first knight,1995,http://us.imdb.com/M/title-exact?First%20Knight%20(1995)
735,9800,philadelphia,1993,http://us.imdb.com/M/title-exact?Philadelphia%20(1993)
736,10445,shadowlands,1993,http://us.imdb.com/M/title-exact?Shadowlands%20(1993)
739,114,pretty woman,1990,http://us.imdb.com/M/title-exact?Pretty%20Woman%20(1990)
742,3595,ransom,1996,http://us.imdb.com/M/title-exact?Ransom%20(1996)
744,1770,michael collins,1996,http://us.imdb.com/M/title-exact?Michael%20Collins%20(1996)
748,10003,the saint,1997,http://us.imdb.com/M/title-exact?Saint%2C%20The%20(1997)
750,11831,amistad,1997,http://us.imdb.com/M/title-exact?imdb-title-118607
751,714,tomorrow never dies,1997,http://us.imdb.com/M/title-exact?imdb-title-120347
752,11702,the replacement killers,1998,http://us.imdb.com/M/title-exact?Replacement+Killers%2C+The+(1998)
763,9614,happy gilmore,1996,http://us.imdb.com/M/title-exact?Happy%20Gilmore%20(1996)
765,11066,boomerang,1992,http://us.imdb.com/M/title-exact?Boomerang%20(1992)
768,8839,casper,1995,http://us.imdb.com/M/title-exact?Casper%20(1995)
769,10329,congo,1995,http://us.imdb.com/M/title-exact?Congo%20(1995)
772,9344,kids,1995,http://us.imdb.com/M/title-exact?Kids%20(1995)
774,11980,the prophecy,1995,"http://us.imdb.com/M/title-exact?Prophecy,%20The%20(1995)"
786,63020,the perez family,1995,"http://us.imdb.com/M/title-exact?Perez%20Family,%20The%20(1995)"
792,11382,bullets over broadway,1994,http://us.imdb.com/M/title-exact?Bullets%20Over%20Broadway%20(1994)
793,34152,crooklyn,1994,http://us.imdb.com/M/title-exact?Crooklyn%20(1994)
797,8831,timecop,1994,http://us.imdb.com/M/title-exact?Timecop%20(1994)
806,9516,menace ii society,1993,http://us.imdb.com/M/title-exact?Menace%20II%20Society%20(1993)
807,8291,poetic justice,1993,http://us.imdb.com/M/title-exact?Poetic%20Justice%20(1993)
810,8850,the shadow,1994,"http://us.imdb.com/M/title-exact?Shadow,%20The%20(1994)"
818,61752,girl 6,1996,http://us.imdb.com/M/title-exact?Girl%206%20(1996)
820,2300,space jam,1996,http://us.imdb.com/M/title-exact?Space%20Jam%20(1996)
826,9826,the phantom,1996,"http://us.imdb.com/M/title-exact?Phantom,%20The%20(1996)"
827,11228,daylight,1996,http://us.imdb.com/M/title-exact?Daylight%20(1996)
829,18550,fled,1996,http://us.imdb.com/M/title-exact?Fled%20(1996)
831,10061,escape from l.a.,1996,http://us.imdb.com/M/title-exact?Escape%20from%20L.A.%20(1996)
832,3587,bogus,1996,http://us.imdb.com/M/title-exact?Bogus%20(1996)
834,10987,halloween: the curse of michael myers,1995,http://us.imdb.com/M/title-exact?Halloween:%20The%20Curse%20of%20Michael%20Myers%20(1995)
841,9625,the glimmer man,1996,"http://us.imdb.com/M/title-exact?Glimmer%20Man,%20The%20(1996)"
844,11229,freeway,1996,http://us.imdb.com/M/title-exact?Freeway%20(1996)
849,2119,days of thunder,1990,http://us.imdb.com/M/title-exact?Days%20of%20Thunder%20(1990)
859,24913,april fool's day,1986,http://us.imdb.com/M/title-exact?April%20Fool's%20Day%20(1986)
862,9279,jingle all the way,1996,http://us.imdb.com/M/title-exact?Jingle%20All%20the%20Way%20(1996)
864,17795,my fellow americans,1996,http://us.imdb.com/M/title-exact?My%20Fellow%20Americans%20(1996)
865,68924,the ice storm,1997,http://us.imdb.com/M/title-exact?Ice+Storm%2C+The+(1997)
872,27322,love jones,1997,http://us.imdb.com/M/title-exact?Love%20Jones%20(1997)
876,9416,money talks,1997,http://us.imdb.com/M/title-exact?Money+Talks+(1997)
879,6623,the peacemaker,1997,http://us.imdb.com/M/title-exact?Peacemaker%2C+The+(1997)
880,29461,soul food,1997,http://us.imdb.com/M/title-exact?Soul+Food+(1997)
881,9416,money talks,1997,http://us.imdb.com/M/title-exact?Money+Talks+(1997)
890,9823,mortal kombat: annihilation,1997,http://us.imdb.com/M/title-exact?Mortal+Kombat%3A+Annihilation+(1997)
892,9574,flubber,1997,http://us.imdb.com/M/title-exact?imdb-title-119137
895,4233,scream 2,1997,http://us.imdb.com/M/title-exact?imdb-title-120082
896,10217,the sweet hereafter,1997,http://us.imdb.com/M/title-exact?Sweet+Hereafter%2C+The+(1997)
898,9922,the postman,1997,http://us.imdb.com/M/title-exact?imdb-title-119925
900,9746,kundun,1997,http://us.imdb.com/M/title-exact?imdb-title-119485
908,9490,half baked,1998,http://us.imdb.com/M/title-exact?imdb-title-120693
914,617,wild things,1998,http://us.imdb.com/Title?Wild+Things+(1998)
915,9440,primary colors,1998,http://us.imdb.com/Title?Primary+Colors+(1998)
916,2157,lost in space,1998,http://us.imdb.com/Title?Lost+in+Space+(1998)
917,8838,mercury rising,1998,http://us.imdb.com/Title?Mercury+Rising+(1998)
918,795,city of angels,1998,http://us.imdb.com/Title?City+of+Angels+(1998)
924,10534,white squall,1996,http://us.imdb.com/M/title-exact?White%20Squall%20(1996)
928,9100,the craft,1996,"http://us.imdb.com/M/title-exact?Craft,%20The%20(1996)"
929,38223,harriet the spy,1996,http://us.imdb.com/M/title-exact?Harriet%20the%20Spy%20(1996)
930,12123,chain reaction,1996,http://us.imdb.com/M/title-exact?Chain%20Reaction%20(1996)
931,9306,the island of dr. moreau,1996,"http://us.imdb.com/M/title-exact?Island%20of%20Dr.%20Moreau,%20The%20(1996)"
933,21612,the funeral,1996,"http://us.imdb.com/M/title-exact?Funeral,%20The%20(1996)"
942,15765,what's love got to do with it,1993,http://us.imdb.com/M/title-exact?What's%20Love%20Got%20to%20Do%20with%20It%20(1993)
944,11858,renaissance man,1994,http://us.imdb.com/M/title-exact?Renaissance%20Man%20(1994)
951,11359,the indian in the cupboard,1995,"http://us.imdb.com/M/title-exact?Indian%20in%20the%20Cupboard,%20The%20(1995)"
955,76,before sunrise,1995,http://us.imdb.com/M/title-exact?Before%20Sunrise%20(1995)
959,9571,dazed and confused,1993,http://us.imdb.com/M/title-exact?Dazed%20and%20Confused%20(1993)
962,47889,ruby in paradise,1993,http://us.imdb.com/M/title-exact?Ruby%20in%20Paradise%20(1993)
974,17182,eye for an eye,1996,http://us.imdb.com/Title?Eye+for+an+Eye+(1996)
982,10861,maximum risk,1996,http://us.imdb.com/M/title-exact?Maximum%20Risk%20(1996)
986,34314,turbulence,1997,http://us.imdb.com/M/title-exact?Turbulence%20(1997)
989,24662,cats don't dance,1997,http://us.imdb.com/M/title-exact?Cats%20Don%27t%20Dance%20(1997)
994,34941,the last time i committed suicide,1997,http://us.imdb.com/M/title-exact?Last+Time+I+Committed+Suicide%2C+The+(1997)
1010,549,basquiat,1996,http://us.imdb.com/M/title-exact?Basquiat%20(1996)
1013,9360,anaconda,1997,http://us.imdb.com/M/title-exact?Anaconda%20%281997%29
1016,1701,con air,1997,http://us.imdb.com/M/title-exact?Con%20Air%20%281997%29
1035,864,cool runnings,1993,http://us.imdb.com/M/title-exact?Cool%20Runnings%20(1993)
1038,10871,switchback,1997,http://us.imdb.com/M/title-exact?Switchback+(1997)
1047,9304,multiplicity,1996,http://us.imdb.com/M/title-exact?Multiplicity%20(1996)
1048,11363,she's the one,1996,http://us.imdb.com/M/title-exact?She's%20the%20One%20(1996)
1057,23570,the pallbearer,1996,"http://us.imdb.com/M/title-exact?Pallbearer,%20The%20(1996)"
1060,18975,the adventures of pinocchio,1996,"http://us.imdb.com/M/title-exact?Adventures%20of%20Pinocchio,%20The%20(1996)"
1067,13685,bottle rocket,1996,http://us.imdb.com/M/title-exact?Bottle%20Rocket%20(1996)
1089,1639,speed 2: cruise control,1997,http://us.imdb.com/M/title-exact?Speed%202%3A%20Cruise%20Control%20%281997%29
1094,28121,a thin line between love and hate,1996,"http://us.imdb.com/M/title-exact?Thin%20Line%20Between%20Love%20and%20Hate,%20A%20(1996)"
1098,2074,flirting with disaster,1996,http://us.imdb.com/M/title-exact?Flirting%20With%20Disaster%20(1996)
1106,42807,the newton boys,1998,"http://us.imdb.com/Title?Newton+Boys,+The+(1998)"
1110,9067,tank girl,1995,http://us.imdb.com/M/title-exact?Tank%20Girl%20(1995)
1114,47502,faithful,1996,http://us.imdb.com/M/title-exact?Faithful%20(1996)
1124,22649,a farewell to arms,1932,"http://us.imdb.com/M/title-exact?Farewell%20to%20Arms,%20A%20(1932)"
1127,37165,the truman show,1998,"http://us.imdb.com/Title?Truman+Show,+The+(1998)"
1134,49471,get on the bus,1996,http://us.imdb.com/M/title-exact?Get%20on%20the%20Bus%20(1996)
1135,10537,the doors,1991,"http://us.imdb.com/M/title-exact?Doors,%20The%20(1991)"
1136,31908,ghosts of mississippi,1996,http://us.imdb.com/M/title-exact?Ghosts%20of%20Mississippi%20(1996)
1139,10428,hackers,1995,http://us.imdb.com/M/title-exact?Hackers%20(1995)
1157,11015,the relic,1997,"http://us.imdb.com/M/title-exact?Relic,%20The%20(1997)"
1181,26352,a low down dirty shame,1994,"http://us.imdb.com/M/title-exact?Low%20Down%20Dirty%20Shame,%20A%20(1994)"
1189,26306,prefontaine,1997,http://us.imdb.com/M/title-exact?Prefontaine%20(1997)
1203,3080,top hat,1935,http://us.imdb.com/M/title-exact?Top%20Hat%20(1935)
1207,11863,jade,1995,http://us.imdb.com/M/title-exact?Jade%20(1995)
1208,6071,kiss of death,1995,http://us.imdb.com/M/title-exact?Kiss%20of%20Death%20(1995)
1210,9271,virtuosity,1995,http://us.imdb.com/M/title-exact?Virtuosity%20(1995)
1217,9691,assassins,1995,http://us.imdb.com/Title?Assassins+(1995)
1218,10634,friday,1995,http://us.imdb.com/M/title-exact?Friday%20(1995)
1228,3512,under siege 2: dark territory,1995,http://us.imdb.com/M/title-exact?Under%20Siege%202:%20Dark%20Territory%20(1995)
1234,31535,chairman of the board,1998,http://us.imdb.com/Title?Chairman+of+the+Board+(1998)
1239,1408,cutthroat island,1995,http://us.imdb.com/M/title-exact?Cutthroat%20Island%20(1995)
1262,49963,walking and talking,1996,http://us.imdb.com/M/title-exact?Walking%20and%20Talking%20(1996)
1274,5550,robocop 3,1993,http://us.imdb.com/M/title-exact?Robocop%203%20(1993)
1277,9400,set it off,1996,http://us.imdb.com/M/title-exact?Set%20It%20Off%20(1996)
1278,16052,selena,1997,http://us.imdb.com/M/title-exact?Selena%20(1997)
1292,17834,a simple wish,1997,http://us.imdb.com/M/title-exact?Simple+Wish%2C+A+(1997)
1301,10890,stripes,1981,http://us.imdb.com/M/title-exact?Stripes+(1981)
1407,2636,the specialist,1994,"http://us.imdb.com/M/title-exact?Specialist,%20The%20(1994)"
1411,8069,barbarella,1968,http://us.imdb.com/M/title-exact?Barbarella%20(1968)
1413,11667,street fighter,1994,http://us.imdb.com/M/title-exact?Street%20Fighter%20(1994)
1429,10215,sliding doors,1998,http://us.imdb.com/Title?Sliding+Doors+(1998)
1442,10533,the scarlet letter,1995,"http://us.imdb.com/M/title-exact?Scarlet%20Letter,%20The%20(1995)"
1483,9313,the man in the iron mask,1998,"http://us.imdb.com/Title?Man+in+the+Iron+Mask,+The+(1998/I)"
1525,17127,the object of my affection,1998,"http://us.imdb.com/Title?Object+of+My+Affection,+The+(1998)"
1526,9281,witness,1985,http://us.imdb.com/M/title-exact?Witness+(1985)
1530,87729,jefferson in paris,1995,http://us.imdb.com/M/title-exact?Jefferson%20in%20Paris%20(1995)
1615,49478,warriors of virtue,1997,http://us.imdb.com/M/title-exact?Warriors%20of%20Virtue%20%281997%29
1654,31535,chairman of the board,1998,http://us.imdb.com/Title?Chairman+of+the+Board+(1998)
1664,13982,8 heads in a duffel bag,1997,http://us.imdb.com/Title?8+Heads+in+a+Duffel+Bag+(1997)
1680,10215,sliding doors,1998,http://us.imdb.com/Title?Sliding+Doors+(1998)
11,807,se7en,1995,http://us.imdb.com/M/title-exact?Se7en%20(1995)
